rand1,rand2,rand3,rand4,rand5,rand6,rand7,rand8,rand9,rand10,rand11,rand12,rand13,rand14,rand15,rand16,rand17,rand18,rand19,rand20,rand21,rand22,rand23,rand24,rand25,rand26,rand27,rand28,rand29,rand30,rand31,rand32,rand33,rand34,rand35,rand36,rand37,rand38,rand39,rand40,rand41,rand42,rand43,rand44,rand45,rand46,rand47,rand48,rand49,rand50,rand51,rand52,rand53,rand54,rand55,rand56,rand57,rand58,rand59,rand60,rand61,rand62,rand63,rand64,rand65,rand66,rand67,rand68,rand69,rand70,rand71,rand72,rand73,rand74,rand75,rand76,rand77,rand78,rand79,rand80,rand81,rand82,rand83,rand84,rand85,rand86,rand87,rand88,rand89,rand90,rand91,rand92,rand93,rand94,rand95,rand96,rand97,rand98,rand99,rand100,fishing_ind_sum
-0.156517817,1.428224393,0.406891562,-0.033527936,0.007340763,1.693211504,1.016166369,0.97710958,-0.329172042,0.621670543,0.261833107,-0.059850503,-0.35776499,0.647119261,0.950093459,-0.156517817,1.428224393,0.406891562,0.255155406,-1.27982039,-1.907052438,0.329722592,1.384393762,-0.386715864,0.916886155,-0.227031532,0.58821894,-0.382130152,1.431903039,0.886415705,-0.049114232,-0.251187224,-0.32087647,-0.485910757,2.000445241,0.142287351,-0.09465373,0.396737481,-0.88119697,-0.219978431,0.407917045,-0.036440987,0.335542654,-0.714840802,-0.235200834,-0.358138108,1.260641663,-0.64125456,-1.230911361,0.11971035,-2.188483936,0.489731672,0.229891552,-0.376421627,0.571294726,0.29418919,-1.175699662,0.747238429,0.06428744,0.334469123,0.048207512,-2.064373364,-0.031275652,0.587466786,0.03710486,-0.705243677,-0.298131345,-1.125586378,0.109348401,-0.099867095,-0.638236486,1.086174029,-1.669763476,-1.000490522,0.850932391,-0.962850682,-1.396997047,-0.343468639,-0.386688557,-1.141996308,-1.457652692,-0.414431134,0.99772605,0.329281784,1.095667968,2.133972832,0.708024105,-1.087330564,-0.169753107,0.768009743,0.501703265,-1.367251318,2.640752502,-0.183616618,-3.02463328,0.630794025,0.779459664,-1.002378338,-0.544091916,1.031964781,398
1.242192844,0.602265194,-0.458861089,-0.651758224,1.321372706,2.08577247,-0.570911101,-0.263064575,-1.424842548,-0.730142655,0.608420206,-1.406075864,0.196098958,1.409506954,-0.578015229,1.242192844,0.602265194,-0.458861089,1.613035695,0.353826231,-0.060490575,-0.500231008,0.413796721,-2.225633266,-0.350290281,-0.253704658,0.862218227,0.569668319,-0.751375032,-0.599205999,0.245765881,0.183783796,-0.305212282,2.543931428,-0.166667738,1.035927222,-0.093874572,-0.18557062,-1.672732197,-0.358128114,-0.775094006,0.476326107,-0.160555004,-0.4606806,-1.176115642,-0.339327839,1.060917213,-0.898040178,-1.810751701,-1.916845434,1.743746932,0.433654019,-0.666561844,0.895396218,0.953775059,-0.925730839,0.186409456,0.281553346,-0.246446933,-0.716751497,0.247755801,-1.647100285,0.196811627,0.68973661,2.652837514,-0.032225394,0.284312128,1.413007411,1.648062272,-1.127329428,0.758694159,1.637793588,-1.117481996,0.051263322,1.10942508,1.768019765,1.620846262,-0.580484012,-0.606515105,3.060047801,-0.711764058,0.569485152,0.584928513,-1.444349405,0.671257402,-2.395627017,0.548741367,1.107935036,0.047550353,0.316882977,-2.234006189,2.017233943,1.319336735,0.795705835,-1.011494806,0.30235415,0.932870148,-1.015294825,-0.602486477,0.237807073,0
-1.559796559,-1.262959048,-0.782126612,0.862112897,0.091493906,0.070344364,1.354591503,0.28688848,1.311998739,0.644212731,-0.940151747,-0.36269903,-0.150601114,-0.735294787,-0.756027001,-1.559796559,-1.262959048,-0.782126612,0.580275849,2.01845267,0.907491024,-0.924392395,0.953083159,0.593719612,-1.451538081,2.089477649,0.63514599,-0.144866405,2.070515757,-0.595049478,1.749537633,-0.313407586,1.031554584,-0.511740582,-0.779498673,-0.569981832,1.329381347,0.292784322,0.34048144,-1.09923588,0.661554957,0.930473607,0.425855247,0.340053271,-1.28288323,1.067459489,-1.476767092,0.817863384,-0.233189882,-0.691328085,0.913877227,-0.856088267,-1.372303405,-0.272465269,0.33980011,-0.127452427,0.226247567,-0.603445024,-1.04363101,0.360089548,-0.216343273,-0.97253474,-0.991199898,0.622638076,0.552478256,-1.952371685,0.225189527,0.163745792,-0.11654809,0.527821099,0.920918919,0.202606532,0.991314941,0.122068798,-0.021088377,-0.208617775,-0.137432245,0.312766954,0.008773422,0.439728371,-0.523302024,0.575076319,0.88345717,0.633809287,-0.119557131,-0.286701673,0.910935493,-1.479724728,2.12154141,1.302963445,-1.892899554,-0.91939823,-1.395352308,0.70292098,-0.564264985,1.139003364,-0.269262549,-0.932255636,-0.927092124,-1.354414401,0
-0.46871803,-0.896010266,0.101170921,0.766895578,-0.119720493,1.199517441,0.440369438,1.707121706,-0.961986819,-0.166695449,-0.456894128,-1.477850945,-0.296777132,-1.39941026,0.624424168,-0.46871803,-0.896010266,0.101170921,-0.672674219,0.573382211,-0.783437593,-0.066893755,-0.413430203,2.275877961,0.495055479,-1.075425156,1.601113876,1.589528344,0.117266759,0.32693835,-0.336765424,0.268018596,0.449146392,0.39010935,-0.898504205,-0.087844243,-0.244738663,-0.852801741,0.573731018,-0.554198308,1.918659347,0.324597534,-0.141870178,0.142009559,-0.566041917,-1.296819196,1.863422907,2.096787298,-0.558308152,-0.384730429,-1.316714831,-0.045185167,0.096171292,-1.076938931,-0.902268264,1.823030893,0.53580632,-1.164455902,-0.851864584,0.458550456,-0.231724641,0.724337012,0.635307488,-0.241117227,0.059354519,-0.181245273,0.494295986,-0.45464283,2.477556041,-0.35376577,-2.379681146,-0.006188404,-0.0606049,-0.403259807,-0.802953442,-0.903094287,-1.219860186,-0.234509656,1.034661161,0.228997882,0.824372726,0.434125325,0.262357517,0.961066155,1.208617696,0.921466499,0.332730938,-0.672731646,0.455531163,1.38914822,0.873471838,0.858450607,0.002023586,-0.349168552,1.148952861,-0.085399098,-0.289551902,-1.336981996,-0.286661951,0.578655706,0
0.936222153,0.936834366,0.889537834,-1.816727205,0.33834662,0.514212337,0.706860613,1.699378427,0.359025477,-0.333508411,1.726904253,0.415750842,1.128351393,0.892021355,2.461419207,0.936222153,0.936834366,0.889537834,-0.078867913,-0.232296148,0.793996946,-1.709859203,-0.93783536,-0.254491,-0.200252995,-0.951969037,-0.15899531,0.839835172,-0.856360671,-1.101843872,-0.22346808,0.497901019,-0.68596418,0.975324508,-1.147492349,0.331161115,-0.09146761,-0.619499274,0.41848954,0.115382356,-0.727460537,1.423364963,0.353077542,0.712527219,2.112705865,-3.294072636,-0.865479243,-0.354824806,0.545319957,-0.437014208,1.583327186,-1.198286047,-0.863892419,-0.577792491,0.004880099,-0.335015652,0.160739978,-1.123198558,-0.976286236,0.489538936,1.223953848,-0.445210136,0.649451678,1.555202439,-1.021215634,0.556563811,-0.950353584,1.635891949,-0.039449854,-1.026937641,0.577854,0.538547075,-0.933206085,1.627056499,0.016996515,0.087542047,1.155878854,0.074760897,-0.205610685,0.24807698,-0.314828053,0.283335743,0.737758206,-0.005926799,0.64464687,-2.759250938,-0.585992642,-0.021096341,-1.378505043,0.275575168,1.041409428,0.534936247,-0.433286452,-1.627289862,0.388124195,0.313904982,-2.287026263,0.20705469,-1.24657994,-0.594707158,0
-0.297181878,-0.31993543,-1.027814371,-0.109809998,-1.262068295,0.992458117,-0.186046414,-0.026420672,-0.489295716,-1.854097714,-1.484401698,-0.07028328,-0.959828299,-1.207642563,0.499355612,-0.297181878,-0.31993543,-1.027814371,-0.969678282,1.692944525,-0.297006681,-0.597816058,-1.093711983,1.119418376,-1.451225097,-0.58986276,0.788890925,-0.499867943,-1.30513933,-0.792003266,-0.373987176,-1.030431087,-0.975155954,0.632772762,-0.700479378,-0.567111844,0.732988903,-1.771719466,0.216101368,-0.036884332,0.440139545,0.377130659,0.078926412,1.277711132,2.626608829,-0.569167534,-0.296193499,-0.880705601,-0.440558248,-0.909389751,0.963123544,1.178234071,-0.150591525,1.625292788,0.717836818,-0.859134757,-1.201512607,1.597450736,-0.941957168,-0.551067963,-0.470459004,0.328413398,-0.784469176,0.918884564,0.416366516,0.944453363,-0.651463484,-0.874477751,0.020510109,-0.088416006,0.524447191,0.341318972,-1.209496835,0.54952904,-1.946609543,1.460026083,2.097256872,-0.606084789,-0.040434829,0.321890701,-1.259406207,0.569082011,0.605340969,-0.787411998,-0.468048713,-1.619189541,-1.584964932,1.794558694,0.864595665,0.588987823,0.926152418,0.245012159,0.590653466,1.015196086,-1.480896687,-1.394011667,0.325486556,0.62385535,-0.945034198,-0.357733617,0
0.636811481,0.132689144,-2.102029832,0.094450722,0.436296785,-1.188787239,2.037099689,0.872213425,-1.335205118,0.827618782,0.73687849,2.138744748,-0.389691589,-0.30849923,0.7618549,0.636811481,0.132689144,-2.102029832,0.493803359,0.889468273,-0.579289146,-0.582368104,0.325388576,1.563493947,0.337386277,-1.509839464,-0.737286977,-0.67809114,0.515643437,0.633743051,0.205240795,0.012800581,1.433615164,0.185574935,-0.960761845,0.614321356,-0.377549502,1.008836696,-1.777821234,0.962287079,1.210440027,0.044989956,1.53389554,0.932395468,0.139913856,0.240473085,-0.5352227,1.286263494,0.040014479,0.811863176,0.773006565,-0.702214319,0.084114924,-0.257361248,0.448174805,-1.297116925,-1.353128275,1.24981157,0.377348146,0.083692319,-0.228941369,-0.277828015,-1.880202682,0.676321324,-0.508655096,-0.864524412,-0.572975343,1.211066346,0.516235156,0.529504566,1.008517644,0.01600617,0.29029368,-1.48856113,-2.719901219,0.137067871,-0.365774322,-1.848377581,2.095646799,-0.372393441,0.279583996,0.277729127,-0.922922216,0.62615999,-0.717761457,-0.434899233,-0.558189738,0.644000946,-0.487388082,0.163683783,-0.541609028,2.066840648,-1.578380945,0.675883405,-1.075059697,0.430889595,0.398137156,1.544324076,0.114782865,0.247690749,398
0.983108501,-2.569648187,-0.311953329,-0.371346888,-1.224521962,-0.088818408,-0.060147188,1.195438031,-1.157656975,1.076202636,0.848460677,0.64234354,-0.062164716,0.151358624,1.572113701,0.983108501,-2.569648187,-0.311953329,1.94121481,1.790719066,1.847401732,-0.803485244,-0.917287168,0.123351012,-0.994976549,1.18347007,1.35531358,0.360940994,-0.531212549,-0.54972744,0.185642296,0.08588098,-0.815119083,0.355524665,1.186639844,-0.965354923,1.30185139,1.595061694,-0.681509138,-1.059331748,0.838573826,0.380994911,-0.368898715,0.157958051,1.013286599,0.613472742,-0.475725268,-0.61517676,0.950438654,-1.189417549,-0.304414743,-0.009132201,0.027908171,-0.592577252,0.43706806,-0.903561289,0.965670709,1.655422022,0.573032457,0.137263238,-2.866019102,0.508256869,-1.226858594,-1.782989336,-0.062458439,0.232101507,-1.133591655,1.879834734,0.896913159,0.725628185,-1.591021154,0.16914958,-0.288111777,-0.881509225,-0.841804671,-0.669981452,-0.234974122,-0.201741448,1.878988694,0.670719182,-0.714720032,-0.717853718,-1.575374605,0.571530279,0.614912806,-0.348882054,0.415900727,-0.396455195,-0.924233683,-0.412364434,0.379387105,0.734723056,-0.651606101,0.744833848,-0.624462097,-0.613485875,0.490960916,-0.718583802,0.852519463,0.643303921,398
1.087221354,0.499349766,2.264098768,-1.518146979,1.017180585,-0.867712365,1.609757869,-0.023245135,0.353439051,-0.35938255,-0.237027537,1.65643472,-1.182079213,0.90399581,0.010636355,1.087221354,0.499349766,2.264098768,-0.999037301,-0.65090965,0.453530713,-1.762103457,0.734785828,1.381246037,0.086897363,-1.586835589,0.694137265,-0.335498875,0.571400926,2.471774907,-0.102396902,-0.115478166,1.581653533,-0.575664474,-0.719088403,1.500482287,0.505645213,-0.177990964,0.600884811,-1.021564305,-0.142008131,-0.185857002,-1.540820209,1.986690878,-0.644786005,-0.225708654,-0.042556268,-1.1144084,0.614884741,-1.539312428,-0.974371044,1.069450546,-0.950951373,-1.367536178,-1.472562535,0.38159632,-0.573061631,-0.044906913,-1.572626257,-1.976909117,-1.374272207,-1.21213539,1.515557167,0.43704762,-0.306865102,1.056458281,2.318022219,2.497121863,-1.071278166,0.537392775,0.554144616,-1.471466064,0.681370916,-0.113566403,0.055916344,-0.467948339,-0.221164561,-0.045895642,0.403517435,0.318957421,1.356335684,0.361141916,0.600028293,1.116736927,1.250884282,-1.815968517,0.379018276,-0.158896053,-0.133603554,1.644248652,0.905526386,-1.91970277,-0.276519546,-1.092959941,-0.670075506,-0.810096463,1.08018529,-0.563288325,0.270599068,-0.221691817,398
1.91040336,-1.110186962,-0.229924824,0.764941349,-1.96804386,-0.680372785,-0.737617425,0.466755865,0.05770001,2.072725687,0.381771219,0.291372945,0.450410239,1.998377658,1.191907464,1.91040336,-1.110186962,-0.229924824,-1.164009265,-1.685435848,0.554442604,-0.203725608,0.609138826,0.152303154,-1.869455625,0.90483162,1.160477651,1.189624743,0.014611221,1.321336281,2.007096444,-2.110969586,-0.481857939,0.887728327,0.517981605,-0.399192233,-1.375387803,1.191263642,0.636061329,0.964982748,-1.099212627,0.358121285,-0.155163348,2.05638983,-1.342171655,0.471433187,1.215613367,2.317904677,-1.463971539,-1.191348921,-0.989960891,-0.299535627,1.608029788,0.127105114,-2.059173927,-0.606072308,-1.251123704,1.278054124,0.533512405,-0.615612661,-0.60153496,-0.24123493,-0.538276791,1.61458903,-1.710095603,1.320390552,0.426310303,-0.132164973,0.360911381,-0.666373932,-1.278071513,-0.830593482,2.179836783,0.586509687,0.165088598,-0.495357831,0.79410856,0.509158871,0.780425745,-1.250260012,1.211362285,0.062699289,-0.309081408,-0.029972491,0.540610591,-0.749564252,-0.200117254,-0.197423198,1.245586033,-0.367657764,1.263033823,1.286148174,0.340622685,-0.29626887,-0.206226353,-2.07587483,0.820062281,-1.049118456,0.855577235,-0.727277145,356
0.249360267,1.208070979,-1.173929251,1.719913313,-0.91518895,-1.381960904,-0.013834955,1.233685537,1.645816344,1.396926735,1.199226117,0.2561353,-0.549057272,0.128823272,-0.501418043,0.249360267,1.208070979,-1.173929251,-0.611449397,0.670440205,-0.220496841,-0.077567491,-0.66400886,-0.529801209,0.270319794,0.638016929,0.838586586,0.660756314,0.222640274,-0.305583681,2.687577947,-1.403044409,-1.28082455,-0.382926163,0.473557389,-0.937152745,1.515586386,1.095184175,0.871284746,-1.075594644,-2.527452093,0.860462409,0.195022769,0.010354975,0.395769405,-0.537401493,1.612744938,1.09238831,-0.608529373,-1.213829256,-1.973470458,0.464151365,0.594258624,-0.58219299,1.119762951,-0.341158899,-0.355479124,-0.426283988,0.264381267,-0.126543245,0.82978327,0.695596185,-0.260608035,0.594796561,0.623765104,-0.82671691,-1.418965047,-0.732379105,0.674930392,-0.323306312,-0.53920006,0.067556637,0.059356143,1.561278684,0.369619292,1.344825647,0.262274437,-0.522871873,1.33569451,2.198627569,0.960500996,1.252828603,0.061387979,-0.87000657,0.603511258,0.902288515,1.680232351,-0.818809483,0.958027125,0.179194666,-0.108581882,-1.168581673,-0.099015001,-1.401780943,-1.489922277,0.755793902,0.478889285,-1.046223402,0.630828104,-0.905817458,356
0.354968888,-1.153932202,-0.604086686,-0.176652195,-0.499300385,0.567254867,0.716662786,-0.190021233,-0.748374266,0.332045922,-0.364154772,0.829045562,-1.651807185,-1.029977095,-0.468621189,0.354968888,-1.153932202,-0.604086686,0.724733463,0.353608375,0.112573099,-1.050435284,-0.115684437,0.144696195,-1.168843967,0.619507709,-0.402674695,-0.895504665,0.782676063,-1.044824164,0.37223895,-0.332648185,-0.229885292,0.748079714,1.978714521,1.133636647,0.809223462,0.453911195,0.868841468,0.827797457,-0.743270435,-0.518469718,1.048018315,-0.356168637,-0.180564092,-0.663198719,-1.280388307,0.863865433,-1.424138739,-0.584337269,1.092576495,-0.617060595,-0.248495972,-0.789356926,0.15241806,-0.888111021,-0.31381176,0.948615472,1.091800683,0.93203123,0.458792824,0.829272548,1.596665671,0.196613084,-1.105504724,0.188851595,-2.273202133,-0.599987636,1.524948801,-0.222812791,0.762191559,-0.190294447,-0.352819434,-0.913941847,0.764955059,-0.793607553,0.682790774,0.6721129,0.426422675,0.033114238,-1.467487717,-0.564347189,-0.687659152,-0.358349239,-0.19493464,-0.220513519,-1.516663146,0.229972293,-1.459008288,0.167089463,-0.533503418,0.261256712,-1.827045079,-1.189218034,1.494170039,-0.686172446,0.851851551,0.058661353,0.093219929,0.970916346,398
0.654794053,-0.823996587,0.015157107,-0.943856206,-0.21398782,-0.064810015,-1.857083197,1.842026747,-1.789502365,-0.693708921,-0.183905821,0.522984294,-1.660913355,0.51357427,-1.372591595,0.654794053,-0.823996587,0.015157107,1.345784825,0.449909227,0.142259683,2.702504031,-0.33697764,1.458028519,-0.988176385,0.263781218,-0.98212993,-0.506879283,-1.141650856,-0.44431111,1.045761793,-1.044688587,0.517442934,-1.708230923,0.15548373,-0.156943721,-1.893004933,0.312935367,0.29766801,2.441265915,1.339947824,-0.055381549,0.099951427,1.301665726,-0.044613732,-1.324235838,0.888669336,1.292079429,0.661234149,-0.556157632,1.91990172,-0.350708411,-0.541300728,-0.821038914,-0.297702704,0.29188102,1.207089821,0.349083145,0.147192874,-0.030992555,-0.444096356,-1.290061704,-1.049730267,-0.778711693,0.518758882,-1.185093344,-0.277609994,-0.679090505,0.371520529,1.064459336,0.071303928,0.426712646,-0.323714332,-2.041097559,-0.918286139,0.73869281,1.442080338,-0.37099978,-0.24146638,2.128529152,-0.549865132,-0.945653254,1.559092011,0.765479537,0.126395304,0.366312974,0.452339224,-1.098410204,0.806154282,-0.755320546,-0.749260713,-1.123447419,-0.427901653,1.678685752,-2.463547216,-2.588593615,0.231565269,-0.330800173,0.12671157,0.171004593,3480
1.041768142,-0.383304964,0.621337978,1.276117905,1.27674899,0.06800888,1.022953816,-1.158133684,1.332998668,-1.028323934,0.508256986,1.253692983,0.959157505,-0.063481513,-0.721662752,1.041768142,-0.383304964,0.621337978,-0.479948372,-0.055660934,0.749766453,0.53392924,0.586944858,0.113054721,-0.551165008,-1.201412515,-2.190364185,-1.198338584,0.258534374,0.753135291,-0.955597564,-1.087808921,1.376907492,-0.808650946,-0.289468475,-0.377063276,-0.569344316,0.906561512,-1.916909222,-0.33985538,1.172098824,0.988392273,-0.116500478,0.47697274,-1.837340789,0.870217795,-0.568806679,0.08922247,2.307186509,-3.110670193,-0.194567412,-1.266408083,-1.792198372,0.25748757,-0.797377478,-0.457868439,1.158488539,-0.240407886,-0.625655746,-0.803765915,2.065511274,1.179687712,-0.363871024,-0.236624458,0.93560404,-1.132802046,0.565708393,0.445489408,1.703675757,-0.327401767,-1.097043883,-0.073749623,1.168642109,-2.264624102,0.013671948,-1.088399704,-1.980720281,-1.250761004,0.302887174,-2.196504248,1.515889018,-0.247973361,1.217340819,-1.143341421,-2.652681086,1.251695325,-1.200222298,-0.305802436,-0.293743254,0.676112368,0.019098573,0.039698956,0.209925952,-0.063301884,0.937738622,2.309901997,-1.268449619,-0.269501468,0.87290748,-1.020944553,398
0.578042835,-0.117534098,-0.23415255,-1.065696686,1.233697835,1.019898276,-1.946477041,-0.001315492,-2.088513328,0.202447685,-0.49331019,-0.087186222,-0.102706207,2.218032038,0.219126151,0.578042835,-0.117534098,-0.23415255,-0.099878992,-0.575438595,-0.691881392,-0.178998173,-0.078724889,-0.03221098,0.577744822,0.409428897,1.758837037,0.989502192,0.517265102,-0.985498242,-0.399047915,0.391743363,-0.160786758,-1.20940315,-0.691643486,0.793557389,0.507950962,0.408408864,0.244611104,-1.377557849,-0.211863644,0.031787571,-0.976912728,-0.190921789,1.115439478,-0.108514866,-0.776073203,0.318429657,-0.329726364,0.687412934,1.746062189,-1.494300531,-1.267630655,0.39421191,-0.092140737,1.900404364,0.455465176,0.390396166,-2.197864472,0.27225889,1.559403376,1.232605036,0.537883495,-0.794962147,0.519860101,-1.399048541,-0.046606509,1.019106162,0.560583344,-0.790159932,0.769934564,-0.742047444,0.765391494,0.166081172,-0.564143886,1.506519213,-2.246662228,-0.827079554,-0.340732963,0.754781808,0.969065606,1.541841574,0.37976145,2.549379223,0.727547266,-0.281371567,-2.146637117,0.930577384,-0.956270301,0.634008937,1.175608026,-1.136809313,0.609274404,0.238225732,0.74991755,1.10389138,-0.515611585,0.234844487,-0.678827074,-0.330414598,398
-0.984971307,-1.357455232,0.260733303,0.859037094,0.039914534,-0.681344728,0.46708807,0.488281681,1.928235139,-0.055924115,-0.757702274,0.277404058,1.055328475,-0.398484574,-1.869703404,-0.984971307,-1.357455232,0.260733303,-0.411368266,-0.037150893,0.668051285,-1.286344573,0.779080807,0.745594537,-0.767922792,0.240532179,-2.030977265,-0.672317368,-1.437034749,0.771651485,1.772069684,1.927424578,-2.551892696,-0.200256121,0.466123091,-0.889255546,0.226730759,-0.0993429,1.099907783,0.941222602,-0.056509822,-1.495794059,-0.327063049,-0.568503556,-0.000265114,0.119165089,0.519529302,-0.348935467,-0.771729529,-0.031947871,0.552626366,0.743694964,-1.592974808,0.862544503,-1.095835642,-0.228551177,2.289926263,0.09356442,0.16616849,-0.51013132,-1.758222684,-0.566651991,0.401280229,-1.967094124,-0.408875967,1.6884369,-0.351018534,0.674102276,-1.240629525,1.334357209,0.924834353,0.769735421,0.291990337,-0.117956121,0.601977382,-1.287956432,-1.723518419,0.318426319,-0.928330085,0.368385028,0.661422181,-1.959008464,-0.193765763,-0.475757531,0.258653249,2.358629011,-1.675254,-1.168431757,0.033611028,-1.434947429,-0.035488727,-0.001219496,-2.115618772,0.702807891,-0.893356842,-0.383738508,-0.564975179,-1.309459872,0.716554227,-0.334594416,0
1.258300207,0.776915612,-0.244303465,0.00302991,1.090184608,-0.63828914,-0.963892116,-1.154917441,0.061615115,-1.986466335,-1.169098103,-0.753489318,2.317930178,-1.393598144,1.560082398,1.258300207,0.776915612,-0.244303465,-0.135319851,-0.74052764,-0.518899232,1.344123771,-0.934266557,-0.792691724,1.544908428,-2.068781201,-1.432275325,-0.712692508,1.365152911,-1.27471308,-1.201546385,1.29370397,-0.028404729,-0.085625965,0.622871083,-1.057495232,-0.424018513,1.45030438,0.581829976,1.262415838,-0.990345632,0.9587425,0.566678284,-1.021674328,-0.198347017,-1.001433273,0.35417649,-2.049619211,-0.370855218,-0.988615072,-0.005377919,-1.513217774,-0.203398275,0.871334376,0.170798591,1.187680386,-0.957242652,1.244122384,-0.070270137,-0.854199526,1.286938288,0.165015498,-0.354654397,-0.341978579,-2.008686212,-0.918385441,1.54021365,-0.803464697,-0.873617516,-1.030090008,-0.663890332,0.307043252,-0.325289069,-1.010860774,0.123920186,0.792839975,-2.175546801,0.118446633,-1.628013715,-0.362914069,-0.30812143,1.247928481,-1.440169665,0.198499123,0.129624574,-0.02279196,-0.88483055,0.303888635,-0.926777336,0.064270502,0.02824365,-1.280695377,0.652220139,-1.026328092,-1.105690015,1.284514953,0.099107,-0.09316896,-0.350499482,-0.097675093,0
-0.015527705,2.496847207,2.298274996,0.791181633,0.384268024,-0.588905945,0.251558037,0.225802517,0.321695436,-0.331356532,-0.003037411,0.828493976,1.256645065,-0.02674061,0.110840793,-0.015527705,2.496847207,2.298274996,0.0344264,0.503642805,-0.99253886,-0.610212411,0.275372906,0.634573337,2.218990326,0.337845887,-0.845359535,1.074066823,-1.062214114,-0.367773643,1.905630133,0.005569106,0.76937497,0.946307587,1.342382597,0.177820658,-1.025033643,0.568800306,0.00111801,0.015446126,-0.239769488,-0.825986777,-0.29610782,-0.507189094,0.902937015,0.998210069,0.302004131,-0.30521433,1.236469215,-0.483262035,0.191366749,-0.144159992,0.943721567,-0.842630262,-0.135446123,-0.925451992,-1.869445431,1.476293247,0.379871771,-1.350663526,0.5687924,0.112177283,1.254570725,-0.45415307,0.059997977,-0.269674784,0.671418688,0.078452494,-0.421871349,0.99751566,-0.833098974,-0.41150456,0.361936303,-0.457140509,2.189842818,0.869967249,1.282166659,-0.160649402,1.541119808,0.946461652,0.169819685,0.090294183,1.266577409,0.572165523,-0.649595191,-0.872699565,-0.88639263,-0.323870484,-1.22803373,0.894141072,-0.170430987,0.575692136,0.895699564,2.857103998,-0.436725712,-0.513846229,-0.245361274,-0.289798589,-0.500568664,1.395260467,0
0.333101146,-0.384415899,-0.653244685,0.75567545,0.339269457,0.657077597,1.151648547,-0.33641524,1.239176542,0.004586922,-0.288316445,-0.128747306,-0.661804463,0.150696778,-0.083661749,0.333101146,-0.384415899,-0.653244685,-1.476345065,0.744559669,-0.117355702,-0.273399391,-0.6874945,-1.997468639,-1.019031226,0.590831791,-2.094681102,0.049550669,0.591694252,0.468700637,0.585648148,-0.729933973,-0.991122521,0.651625921,0.108730857,-0.034781036,-1.896934257,1.266827876,0.159403952,-0.325909846,1.221110251,2.034568702,-1.065458906,0.605871995,-0.565297674,-1.055594317,-0.367453976,-0.505869026,-0.040385494,0.154612566,2.338851213,-0.580577604,0.568233621,-1.108524008,0.78922212,0.754365165,0.827177777,-0.198471061,-2.220607382,-1.833846823,-0.255291859,-0.271674871,0.142235896,-0.358599571,-1.401951931,1.56127655,0.231638047,-0.118857009,1.316467474,-1.155734881,-0.73340458,-1.904107632,0.368616126,1.148723875,1.076237665,-0.306918747,-0.764406213,-0.404806839,3.127778017,-0.002555331,0.14818012,0.478590656,-2.95284346,0.953688301,0.075017934,0.127947749,-0.481832038,-0.25123965,-0.214859977,-1.253758312,-0.226025805,0.274118838,0.465917758,-0.261212457,0.641865089,-0.463459216,0.216697018,0.183979134,0.62970348,0.547781999,0
-0.364007304,-0.91517999,0.010851733,0.005527482,0.282498375,0.147946559,-0.685334892,-1.350426139,-0.096011748,0.324283229,1.203504986,0.421624491,0.735992655,-0.381790656,-1.963916661,-0.364007304,-0.91517999,0.010851733,-0.064172822,-1.582310303,0.043827122,-0.705159615,-0.722608173,-0.600915144,0.130894965,1.997950753,0.427417904,-1.24783313,0.327913353,-0.056763077,1.754911357,1.398329343,-1.571152672,-0.17827961,0.617799789,0.897748009,0.328796793,-1.180321864,-1.615645644,-1.608635342,-0.420567395,-1.112407786,0.170841841,0.28823208,-0.228061872,-0.189034619,-0.194611854,-1.777294328,0.309976466,1.079657185,0.783720176,0.845576895,0.278560771,1.429493058,1.801814812,0.62095804,0.307206456,-0.077595032,-0.115436777,-0.147016113,0.578306105,0.071690752,-0.415443813,-0.800584572,0.506468812,1.584470393,-2.672304237,-0.546450037,0.919794428,0.514061508,-0.512489488,0.055259902,-0.758792069,-0.261096808,1.457676035,-0.078048705,-0.172272612,1.569123989,0.39196139,-2.53563889,0.794204071,-0.557411905,0.707468228,0.654444192,1.758275334,0.210377945,3.352246822,0.923111578,0.925787928,1.437988819,-0.206405577,2.009098628,0.297474025,0.156202726,-0.538696253,-0.944769449,-0.019552382,1.254642336,0.304880343,0.867492752,0
-0.277311404,0.000806568,-1.576187681,-1.009074511,0.547658722,-0.216002328,1.128184717,-1.099505253,-1.370159281,-0.336956093,-1.035651431,0.61786073,-0.30593911,1.302765765,-0.158296303,-0.277311404,0.000806568,-1.576187681,-1.792693853,2.045053134,-0.092459094,0.438281845,-1.050898324,0.121547366,-1.822839659,-0.762443213,-0.387160175,-0.3213975,1.09520944,-0.163963506,-1.072868009,1.195655309,-0.039510323,-1.273454584,-0.107022898,1.194115682,1.17668342,0.572305246,1.366234312,1.52745861,-0.459925602,0.053171232,0.482483255,-1.448701567,-0.495834938,-0.274726982,-0.047913512,-0.380241308,1.619780763,0.027464146,1.622328968,0.987410224,-0.11645052,-0.187713081,-0.856249959,0.347284252,0.15620037,-0.726545054,0.253160192,0.416312931,0.404099522,-1.087652569,0.357903595,-0.418779236,-0.31012973,0.688310842,0.895554744,-1.766143693,-1.985422607,-0.156744627,0.488021634,-1.792722847,1.793236272,1.177458528,0.096099979,-1.091944851,-0.037403782,-0.300919528,-0.573340298,-1.832530074,0.949023132,-0.309378475,0.61004318,0.065207929,-0.551184254,-0.243000925,-0.071135507,1.741375991,0.828132341,0.82308276,0.498092714,1.877704963,0.001361143,-0.473232173,-1.247295715,-0.092919579,-0.084052279,-0.570608652,-1.872043455,0.924344091,0
0.257981904,1.324909734,-0.29894763,-0.023487855,1.079915855,-1.140175141,-0.585728239,0.222759163,0.762899749,0.423359357,-0.735591381,-0.241901419,-0.465945141,-0.655945448,1.385228775,0.257981904,1.324909734,-0.29894763,0.348171566,-0.520461539,-0.866885855,0.088094952,-0.654513234,-1.794278305,0.371430387,-1.381736342,-0.129392546,-0.803371487,0.575558518,-0.541648584,-1.163670013,0.429627084,-0.105392776,0.275249313,-0.454656738,-1.010197413,-0.426961802,-1.125780155,-0.484539392,2.658215022,0.94746374,-0.055720684,-0.495187939,-0.044548366,-2.369862909,-0.320862139,0.168624134,0.609033551,-0.249667999,0.556168986,-1.019070521,0.968695149,-0.675986446,-0.620123965,0.641098614,2.638187844,-1.974755801,0.89678905,-0.332105315,-1.165249103,-0.826177567,-0.966652761,2.044951393,-0.852211957,0.417108115,1.666996541,0.074660684,-1.280285351,-1.669535236,-1.896604603,-0.492924832,-0.190242461,-1.673836452,-0.654857932,-0.38559139,-0.257787475,-0.726285527,1.097483793,0.432623274,-0.95367578,-1.934820928,2.33592543,1.110500546,-0.962948062,0.591815833,0.700766099,0.754449794,1.861502906,1.017298615,-2.152300946,-1.114513226,-0.324524039,1.371079676,1.679786599,-0.024768047,-2.183242663,-0.968632552,-1.931822089,-1.397787325,0.74494692,0
0.213315528,-0.867508091,0.311860598,-0.44143507,-0.804445342,0.408873077,-1.327591016,-1.354630918,-0.285599563,1.564872773,0.496659972,-0.22526327,0.697273669,0.177624826,-0.643143279,0.213315528,-0.867508091,0.311860598,0.362094807,-1.483381471,-1.130490287,-0.648881231,-1.02651004,-0.314947408,-0.515931214,0.024728762,-0.838237518,-0.608952864,-0.672714784,0.696562648,-1.18701974,-0.271243556,0.41421245,-0.229045593,-0.561391956,0.503234811,-0.509222469,-0.00302924,-0.158289719,-0.592840455,1.034325069,-0.137508171,0.146288697,0.824467725,-0.018625595,-0.298050929,0.492801677,1.067095908,0.723282341,-0.463836,-0.187640567,-1.137427094,-0.959824779,0.347474631,0.200661106,-0.841770961,-0.067359121,1.000218707,-0.216592153,-0.106585876,0.681019892,-0.94010469,-0.984052832,-1.370073786,-0.209606304,1.64052941,-1.128834554,0.492953803,-1.567395738,0.249119303,-0.732066431,0.969002208,1.77617583,-0.860077651,0.539662662,-1.279584394,-1.108602644,1.381043229,-0.62415098,2.296702856,-0.183188499,-1.115031297,0.900344827,-1.288277688,0.918610817,-0.600248402,-0.225183256,-0.47606926,0.59532964,0.037023731,0.204206023,-0.805273287,0.905365453,0.780796489,-1.300451592,-0.038005432,0.903516156,2.250817239,0.081493055,-0.641503104,0
0.077264514,0.677929911,-1.358360474,-1.99336645,0.521600583,-0.208505011,0.10091044,0.955919639,0.413278789,2.832622904,-0.400874332,0.743643632,0.328357021,-0.090293607,0.47516652,0.077264514,0.677929911,-1.358360474,0.126195779,-0.479162019,-0.148368527,-0.711097579,0.42652417,0.408078839,-0.376544432,-0.901922726,-0.44431505,0.629540251,0.569962929,0.929739005,-1.249791553,-2.347824987,-0.254561615,-1.62836368,0.051977126,-0.794260835,0.035127081,-0.380991804,2.082977831,-0.47979724,0.597133706,1.397964933,-1.654908194,0.134533433,0.856420174,0.857156781,1.294447046,-2.194765034,1.149113688,-0.788607703,1.155077563,-0.416084194,0.590025344,0.827714946,0.212791988,0.272391045,-0.199727687,-0.697569015,-0.929812193,-0.115882202,2.01547678,1.436960176,-0.818167876,-0.678673177,-0.65257028,1.032793971,0.870286478,1.138798964,1.063083874,0.060410084,0.669866024,0.570717932,0.578606902,1.616949205,-0.356600376,1.397821855,0.140852627,-0.920062133,1.292910171,0.917733681,1.651393088,0.305894801,0.445942917,0.716067159,1.758380237,1.111650724,0.373522532,-0.563500541,-0.496608934,0.274342808,-0.551239997,0.748353474,-1.005765078,-0.716855587,-0.696214199,0.815469239,-0.058432184,0.161130767,-1.012153553,2.602345533,0